{"1":{"rub_number":1,"verses_count":32,"first_verse_key":"1:1","last_verse_key":"2:25","verse_mapping":{"1":"1-7","2":"1-25"}},"2":{"rub_number":2,"verses_count":18,"first_verse_key":"2:26","last_verse_key":"2:43","verse_mapping":{"2":"26-43"}},"3":{"rub_number":3,"verses_count":16,"first_verse_key":"2:44","last_verse_key":"2:59","verse_mapping":{"2":"44-59"}},"4":{"rub_number":4,"verses_count":15,"first_verse_key":"2:60","last_verse_key":"2:74","verse_mapping":{"2":"60-74"}},"5":{"rub_number":5,"verses_count":17,"first_verse_key":"2:75","last_verse_key":"2:91","verse_mapping":{"2":"75-91"}},"6":{"rub_number":6,"verses_count":14,"first_verse_key":"2:92","last_verse_key":"2:105","verse_mapping":{"2":"92-105"}},"7":{"rub_number":7,"verses_count":18,"first_verse_key":"2:106","last_verse_key":"2:123","verse_mapping":{"2":"106-123"}},"8":{"rub_number":8,"verses_count":18,"first_verse_key":"2:124","last_verse_key":"2:141","verse_mapping":{"2":"124-141"}},"9":{"rub_number":9,"verses_count":16,"first_verse_key":"2:142","last_verse_key":"2:157","verse_mapping":{"2":"142-157"}},"10":{"rub_number":10,"verses_count":19,"first_verse_key":"2:158","last_verse_key":"2:176","verse_mapping":{"2":"158-176"}},"11":{"rub_number":11,"verses_count":12,"first_verse_key":"2:177","last_verse_key":"2:188","verse_mapping":{"2":"177-188"}},"12":{"rub_number":12,"verses_count":14,"first_verse_key":"2:189","last_verse_key":"2:202","verse_mapping":{"2":"189-202"}},"13":{"rub_number":13,"verses_count":16,"first_verse_key":"2:203","last_verse_key":"2:218","verse_mapping":{"2":"203-218"}},"14":{"rub_number":14,"verses_count":14,"first_verse_key":"2:219","last_verse_key":"2:232","verse_mapping":{"2":"219-232"}},"15":{"rub_number":15,"verses_count":10,"first_verse_key":"2:233","last_verse_key":"2:242","verse_mapping":{"2":"233-242"}},"16":{"rub_number":16,"verses_count":10,"first_verse_key":"2:243","last_verse_key":"2:252","verse_mapping":{"2":"243-252"}},"17":{"rub_number":17,"verses_count":10,"first_verse_key":"2:253","last_verse_key":"2:262","verse_mapping":{"2":"253-262"}},"18":{"rub_number":18,"verses_count":9,"first_verse_key":"2:263","last_verse_key":"2:271","verse_mapping":{"2":"263-271"}},"19":{"rub_number":19,"verses_count":11,"first_verse_key":"2:272","last_verse_key":"2:282","verse_mapping":{"2":"272-282"}},"20":{"rub_number":20,"verses_count":18,"first_verse_key":"2:283","last_verse_key":"3:14","verse_mapping":{"2":"283-286","3":"1-14"}},"21":{"rub_number":21,"verses_count":18,"first_verse_key":"3:15","last_verse_key":"3:32","verse_mapping":{"3":"15-32"}},"22":{"rub_number":22,"verses_count":19,"first_verse_key":"3:33","last_verse_key":"3:51","verse_mapping":{"3":"33-51"}},"23":{"rub_number":23,"verses_count":23,"first_verse_key":"3:52","last_verse_key":"3:74","verse_mapping":{"3":"52-74"}},"24":{"rub_number":24,"verses_count":18,"first_verse_key":"3:75","last_verse_key":"3:92","verse_mapping":{"3":"75-92"}},"25":{"rub_number":25,"verses_count":20,"first_verse_key":"3:93","last_verse_key":"3:112","verse_mapping":{"3":"93-112"}},"26":{"rub_number":26,"verses_count":20,"first_verse_key":"3:113","last_verse_key":"3:132","verse_mapping":{"3":"113-132"}},"27":{"rub_number":27,"verses_count":20,"first_verse_key":"3:133","last_verse_key":"3:152","verse_mapping":{"3":"133-152"}},"28":{"rub_number":28,"verses_count":18,"first_verse_key":"3:153","last_verse_key":"3:170","verse_mapping":{"3":"153-170"}},"29":{"rub_number":29,"verses_count":15,"first_verse_key":"3:171","last_verse_key":"3:185","verse_mapping":{"3":"171-185"}},"30":{"rub_number":30,"verses_count":15,"first_verse_key":"3:186","last_verse_key":"3:200","verse_mapping":{"3":"186-200"}},"31":{"rub_number":31,"verses_count":11,"first_verse_key":"4:1","last_verse_key":"4:11","verse_mapping":{"4":"1-11"}},"32":{"rub_number":32,"verses_count":12,"first_verse_key":"4:12","last_verse_key":"4:23","verse_mapping":{"4":"12-23"}},"33":{"rub_number":33,"verses_count":12,"first_verse_key":"4:24","last_verse_key":"4:35","verse_mapping":{"4":"24-35"}},"34":{"rub_number":34,"verses_count":22,"first_verse_key":"4:36","last_verse_key":"4:57","verse_mapping":{"4":"36-57"}},"35":{"rub_number":35,"verses_count":16,"first_verse_key":"4:58","last_verse_key":"4:73","verse_mapping":{"4":"58-73"}},"36":{"rub_number":36,"verses_count":14,"first_verse_key":"4:74","last_verse_key":"4:87","verse_mapping":{"4":"74-87"}},"37":{"rub_number":37,"verses_count":12,"first_verse_key":"4:88","last_verse_key":"4:99","verse_mapping":{"4":"88-99"}},"38":{"rub_number":38,"verses_count":14,"first_verse_key":"4:100","last_verse_key":"4:113","verse_mapping":{"4":"100-113"}},"39":{"rub_number":39,"verses_count":21,"first_verse_key":"4:114","last_verse_key":"4:134","verse_mapping":{"4":"114-134"}},"40":{"rub_number":40,"verses_count":13,"first_verse_key":"4:135","last_verse_key":"4:147","verse_mapping":{"4":"135-147"}},"41":{"rub_number":41,"verses_count":15,"first_verse_key":"4:148","last_verse_key":"4:162","verse_mapping":{"4":"148-162"}},"42":{"rub_number":42,"verses_count":14,"first_verse_key":"4:163","last_verse_key":"4:176","verse_mapping":{"4":"163-176"}},"43":{"rub_number":43,"verses_count":11,"first_verse_key":"5:1","last_verse_key":"5:11","verse_mapping":{"5":"1-11"}},"44":{"rub_number":44,"verses_count":15,"first_verse_key":"5:12","last_verse_key":"5:26","verse_mapping":{"5":"12-26"}},"45":{"rub_number":45,"verses_count":14,"first_verse_key":"5:27","last_verse_key":"5:40","verse_mapping":{"5":"27-40"}},"46":{"rub_number":46,"verses_count":10,"first_verse_key":"5:41","last_verse_key":"5:50","verse_mapping":{"5":"41-50"}},"47":{"rub_number":47,"verses_count":16,"first_verse_key":"5:51","last_verse_key":"5:66","verse_mapping":{"5":"51-66"}},"48":{"rub_number":48,"verses_count":15,"first_verse_key":"5:67","last_verse_key":"5:81","verse_mapping":{"5":"67-81"}},"49":{"rub_number":49,"verses_count":15,"first_verse_key":"5:82","last_verse_key":"5:96","verse_mapping":{"5":"82-96"}},"50":{"rub_number":50,"verses_count":12,"first_verse_key":"5:97","last_verse_key":"5:108","verse_mapping":{"5":"97-108"}},"51":{"rub_number":51,"verses_count":24,"first_verse_key":"5:109","last_verse_key":"6:12","verse_mapping":{"5":"109-120","6":"1-12"}},"52":{"rub_number":52,"verses_count":23,"first_verse_key":"6:13","last_verse_key":"6:35","verse_mapping":{"6":"13-35"}},"53":{"rub_number":53,"verses_count":23,"first_verse_key":"6:36","last_verse_key":"6:58","verse_mapping":{"6":"36-58"}},"54":{"rub_number":54,"verses_count":15,"first_verse_key":"6:59","last_verse_key":"6:73","verse_mapping":{"6":"59-73"}},"55":{"rub_number":55,"verses_count":21,"first_verse_key":"6:74","last_verse_key":"6:94","verse_mapping":{"6":"74-94"}},"56":{"rub_number":56,"verses_count":16,"first_verse_key":"6:95","last_verse_key":"6:110","verse_mapping":{"6":"95-110"}},"57":{"rub_number":57,"verses_count":16,"first_verse_key":"6:111","last_verse_key":"6:126","verse_mapping":{"6":"111-126"}},"58":{"rub_number":58,"verses_count":14,"first_verse_key":"6:127","last_verse_key":"6:140","verse_mapping":{"6":"127-140"}},"59":{"rub_number":59,"verses_count":10,"first_verse_key":"6:141","last_verse_key":"6:150","verse_mapping":{"6":"141-150"}},"60":{"rub_number":60,"verses_count":15,"first_verse_key":"6:151","last_verse_key":"6:165","verse_mapping":{"6":"151-165"}},"61":{"rub_number":61,"verses_count":30,"first_verse_key":"7:1","last_verse_key":"7:30","verse_mapping":{"7":"1-30"}},"62":{"rub_number":62,"verses_count":16,"first_verse_key":"7:31","last_verse_key":"7:46","verse_mapping":{"7":"31-46"}},"63":{"rub_number":63,"verses_count":18,"first_verse_key":"7:47","last_verse_key":"7:64","verse_mapping":{"7":"47-64"}},"64":{"rub_number":64,"verses_count":23,"first_verse_key":"7:65","last_verse_key":"7:87","verse_mapping":{"7":"65-87"}},"65":{"rub_number":65,"verses_count":29,"first_verse_key":"7:88","last_verse_key":"7:116","verse_mapping":{"7":"88-116"}},"66":{"rub_number":66,"verses_count":25,"first_verse_key":"7:117","last_verse_key":"7:141","verse_mapping":{"7":"117-141"}},"67":{"rub_number":67,"verses_count":14,"first_verse_key":"7:142","last_verse_key":"7:155","verse_mapping":{"7":"142-155"}},"68":{"rub_number":68,"verses_count":15,"first_verse_key":"7:156","last_verse_key":"7:170","verse_mapping":{"7":"156-170"}},"69":{"rub_number":69,"verses_count":18,"first_verse_key":"7:171","last_verse_key":"7:188","verse_mapping":{"7":"171-188"}},"70":{"rub_number":70,"verses_count":18,"first_verse_key":"7:189","last_verse_key":"7:206","verse_mapping":{"7":"189-206"}},"71":{"rub_number":71,"verses_count":21,"first_verse_key":"8:1","last_verse_key":"8:21","verse_mapping":{"8":"1-21"}},"72":{"rub_number":72,"verses_count":19,"first_verse_key":"8:22","last_verse_key":"8:40","verse_mapping":{"8":"22-40"}},"73":{"rub_number":73,"verses_count":20,"first_verse_key":"8:41","last_verse_key":"8:60","verse_mapping":{"8":"41-60"}},"74":{"rub_number":74,"verses_count":15,"first_verse_key":"8:61","last_verse_key":"8:75","verse_mapping":{"8":"61-75"}},"75":{"rub_number":75,"verses_count":18,"first_verse_key":"9:1","last_verse_key":"9:18","verse_mapping":{"9":"1-18"}},"76":{"rub_number":76,"verses_count":15,"first_verse_key":"9:19","last_verse_key":"9:33","verse_mapping":{"9":"19-33"}},"77":{"rub_number":77,"verses_count":12,"first_verse_key":"9:34","last_verse_key":"9:45","verse_mapping":{"9":"34-45"}},"78":{"rub_number":78,"verses_count":14,"first_verse_key":"9:46","last_verse_key":"9:59","verse_mapping":{"9":"46-59"}},"79":{"rub_number":79,"verses_count":15,"first_verse_key":"9:60","last_verse_key":"9:74","verse_mapping":{"9":"60-74"}},"80":{"rub_number":80,"verses_count":18,"first_verse_key":"9:75","last_verse_key":"9:92","verse_mapping":{"9":"75-92"}},"81":{"rub_number":81,"verses_count":18,"first_verse_key":"9:93","last_verse_key":"9:110","verse_mapping":{"9":"93-110"}},"82":{"rub_number":82,"verses_count":11,"first_verse_key":"9:111","last_verse_key":"9:121","verse_mapping":{"9":"111-121"}},"83":{"rub_number":83,"verses_count":18,"first_verse_key":"9:122","last_verse_key":"10:10","verse_mapping":{"9":"122-129","10":"1-10"}},"84":{"rub_number":84,"verses_count":15,"first_verse_key":"10:11","last_verse_key":"10:25","verse_mapping":{"10":"11-25"}},"85":{"rub_number":85,"verses_count":27,"first_verse_key":"10:26","last_verse_key":"10:52","verse_mapping":{"10":"26-52"}},"86":{"rub_number":86,"verses_count":18,"first_verse_key":"10:53","last_verse_key":"10:70","verse_mapping":{"10":"53-70"}},"87":{"rub_number":87,"verses_count":19,"first_verse_key":"10:71","last_verse_key":"10:89","verse_mapping":{"10":"71-89"}},"88":{"rub_number":88,"verses_count":25,"first_verse_key":"10:90","last_verse_key":"11:5","verse_mapping":{"10":"90-109","11":"1-5"}},"89":{"rub_number":89,"verses_count":18,"first_verse_key":"11:6","last_verse_key":"11:23","verse_mapping":{"11":"6-23"}},"90":{"rub_number":90,"verses_count":17,"first_verse_key":"11:24","last_verse_key":"11:40","verse_mapping":{"11":"24-40"}},"91":{"rub_number":91,"verses_count":20,"first_verse_key":"11:41","last_verse_key":"11:60","verse_mapping":{"11":"41-60"}},"92":{"rub_number":92,"verses_count":23,"first_verse_key":"11:61","last_verse_key":"11:83","verse_mapping":{"11":"61-83"}},"93":{"rub_number":93,"verses_count":24,"first_verse_key":"11:84","last_verse_key":"11:107","verse_mapping":{"11":"84-107"}},"94":{"rub_number":94,"verses_count":22,"first_verse_key":"11:108","last_verse_key":"12:6","verse_mapping":{"11":"108-123","12":"1-6"}},"95":{"rub_number":95,"verses_count":23,"first_verse_key":"12:7","last_verse_key":"12:29","verse_mapping":{"12":"7-29"}},"96":{"rub_number":96,"verses_count":23,"first_verse_key":"12:30","last_verse_key":"12:52","verse_mapping":{"12":"30-52"}},"97":{"rub_number":97,"verses_count":24,"first_verse_key":"12:53","last_verse_key":"12:76","verse_mapping":{"12":"53-76"}},"98":{"rub_number":98,"verses_count":24,"first_verse_key":"12:77","last_verse_key":"12:100","verse_mapping":{"12":"77-100"}},"99":{"rub_number":99,"verses_count":15,"first_verse_key":"12:101","last_verse_key":"13:4","verse_mapping":{"12":"101-111","13":"1-4"}},"100":{"rub_number":100,"verses_count":14,"first_verse_key":"13:5","last_verse_key":"13:18","verse_mapping":{"13":"5-18"}},"101":{"rub_number":101,"verses_count":16,"first_verse_key":"13:19","last_verse_key":"13:34","verse_mapping":{"13":"19-34"}},"102":{"rub_number":102,"verses_count":18,"first_verse_key":"13:35","last_verse_key":"14:9","verse_mapping":{"13":"35-43","14":"1-9"}},"103":{"rub_number":103,"verses_count":18,"first_verse_key":"14:10","last_verse_key":"14:27","verse_mapping":{"14":"10-27"}},"104":{"rub_number":104,"verses_count":25,"first_verse_key":"14:28","last_verse_key":"14:52","verse_mapping":{"14":"28-52"}},"105":{"rub_number":105,"verses_count":48,"first_verse_key":"15:1","last_verse_key":"15:48","verse_mapping":{"15":"1-48"}},"106":{"rub_number":106,"verses_count":51,"first_verse_key":"15:49","last_verse_key":"15:99","verse_mapping":{"15":"49-99"}},"107":{"rub_number":107,"verses_count":29,"first_verse_key":"16:1","last_verse_key":"16:29","verse_mapping":{"16":"1-29"}},"108":{"rub_number":108,"verses_count":21,"first_verse_key":"16:30","last_verse_key":"16:50","verse_mapping":{"16":"30-50"}},"109":{"rub_number":109,"verses_count":24,"first_verse_key":"16:51","last_verse_key":"16:74","verse_mapping":{"16":"51-74"}},"110":{"rub_number":110,"verses_count":15,"first_verse_key":"16:75","last_verse_key":"16:89","verse_mapping":{"16":"75-89"}},"111":{"rub_number":111,"verses_count":21,"first_verse_key":"16:90","last_verse_key":"16:110","verse_mapping":{"16":"90-110"}},"112":{"rub_number":112,"verses_count":18,"first_verse_key":"16:111","last_verse_key":"16:128","verse_mapping":{"16":"111-128"}},"113":{"rub_number":113,"verses_count":22,"first_verse_key":"17:1","last_verse_key":"17:22","verse_mapping":{"17":"1-22"}},"114":{"rub_number":114,"verses_count":27,"first_verse_key":"17:23","last_verse_key":"17:49","verse_mapping":{"17":"23-49"}},"115":{"rub_number":115,"verses_count":20,"first_verse_key":"17:50","last_verse_key":"17:69","verse_mapping":{"17":"50-69"}},"116":{"rub_number":116,"verses_count":29,"first_verse_key":"17:70","last_verse_key":"17:98","verse_mapping":{"17":"70-98"}},"117":{"rub_number":117,"verses_count":29,"first_verse_key":"17:99","last_verse_key":"18:16","verse_mapping":{"17":"99-111","18":"1-16"}},"118":{"rub_number":118,"verses_count":15,"first_verse_key":"18:17","last_verse_key":"18:31","verse_mapping":{"18":"17-31"}},"119":{"rub_number":119,"verses_count":19,"first_verse_key":"18:32","last_verse_key":"18:50","verse_mapping":{"18":"32-50"}},"120":{"rub_number":120,"verses_count":24,"first_verse_key":"18:51","last_verse_key":"18:74","verse_mapping":{"18":"51-74"}},"121":{"rub_number":121,"verses_count":24,"first_verse_key":"18:75","last_verse_key":"18:98","verse_mapping":{"18":"75-98"}},"122":{"rub_number":122,"verses_count":33,"first_verse_key":"18:99","last_verse_key":"19:21","verse_mapping":{"18":"99-110","19":"1-21"}},"123":{"rub_number":123,"verses_count":37,"first_verse_key":"19:22","last_verse_key":"19:58","verse_mapping":{"19":"22-58"}},"124":{"rub_number":124,"verses_count":40,"first_verse_key":"19:59","last_verse_key":"19:98","verse_mapping":{"19":"59-98"}},"125":{"rub_number":125,"verses_count":54,"first_verse_key":"20:1","last_verse_key":"20:54","verse_mapping":{"20":"1-54"}},"126":{"rub_number":126,"verses_count":28,"first_verse_key":"20:55","last_verse_key":"20:82","verse_mapping":{"20":"55-82"}},"127":{"rub_number":127,"verses_count":28,"first_verse_key":"20:83","last_verse_key":"20:110","verse_mapping":{"20":"83-110"}},"128":{"rub_number":128,"verses_count":25,"first_verse_key":"20:111","last_verse_key":"20:135","verse_mapping":{"20":"111-135"}},"129":{"rub_number":129,"verses_count":28,"first_verse_key":"21:1","last_verse_key":"21:28","verse_mapping":{"21":"1-28"}},"130":{"rub_number":130,"verses_count":22,"first_verse_key":"21:29","last_verse_key":"21:50","verse_mapping":{"21":"29-50"}},"131":{"rub_number":131,"verses_count":32,"first_verse_key":"21:51","last_verse_key":"21:82","verse_mapping":{"21":"51-82"}},"132":{"rub_number":132,"verses_count":30,"first_verse_key":"21:83","last_verse_key":"21:112","verse_mapping":{"21":"83-112"}},"133":{"rub_number":133,"verses_count":18,"first_verse_key":"22:1","last_verse_key":"22:18","verse_mapping":{"22":"1-18"}},"134":{"rub_number":134,"verses_count":19,"first_verse_key":"22:19","last_verse_key":"22:37","verse_mapping":{"22":"19-37"}},"135":{"rub_number":135,"verses_count":22,"first_verse_key":"22:38","last_verse_key":"22:59","verse_mapping":{"22":"38-59"}},"136":{"rub_number":136,"verses_count":19,"first_verse_key":"22:60","last_verse_key":"22:78","verse_mapping":{"22":"60-78"}},"137":{"rub_number":137,"verses_count":35,"first_verse_key":"23:1","last_verse_key":"23:35","verse_mapping":{"23":"1-35"}},"138":{"rub_number":138,"verses_count":39,"first_verse_key":"23:36","last_verse_key":"23:74","verse_mapping":{"23":"36-74"}},"139":{"rub_number":139,"verses_count":44,"first_verse_key":"23:75","last_verse_key":"23:118","verse_mapping":{"23":"75-118"}},"140":{"rub_number":140,"verses_count":20,"first_verse_key":"24:1","last_verse_key":"24:20","verse_mapping":{"24":"1-20"}},"141":{"rub_number":141,"verses_count":14,"first_verse_key":"24:21","last_verse_key":"24:34","verse_mapping":{"24":"21-34"}},"142":{"rub_number":142,"verses_count":18,"first_verse_key":"24:35","last_verse_key":"24:52","verse_mapping":{"24":"35-52"}},"143":{"rub_number":143,"verses_count":12,"first_verse_key":"24:53","last_verse_key":"24:64","verse_mapping":{"24":"53-64"}},"144":{"rub_number":144,"verses_count":20,"first_verse_key":"25:1","last_verse_key":"25:20","verse_mapping":{"25":"1-20"}},"145":{"rub_number":145,"verses_count":32,"first_verse_key":"25:21","last_verse_key":"25:52","verse_mapping":{"25":"21-52"}},"146":{"rub_number":146,"verses_count":25,"first_verse_key":"25:53","last_verse_key":"25:77","verse_mapping":{"25":"53-77"}},"147":{"rub_number":147,"verses_count":51,"first_verse_key":"26:1","last_verse_key":"26:51","verse_mapping":{"26":"1-51"}},"148":{"rub_number":148,"verses_count":59,"first_verse_key":"26:52","last_verse_key":"26:110","verse_mapping":{"26":"52-110"}},"149":{"rub_number":149,"verses_count":70,"first_verse_key":"26:111","last_verse_key":"26:180","verse_mapping":{"26":"111-180"}},"150":{"rub_number":150,"verses_count":47,"first_verse_key":"26:181","last_verse_key":"26:227","verse_mapping":{"26":"181-227"}},"151":{"rub_number":151,"verses_count":26,"first_verse_key":"27:1","last_verse_key":"27:26","verse_mapping":{"27":"1-26"}},"152":{"rub_number":152,"verses_count":29,"first_verse_key":"27:27","last_verse_key":"27:55","verse_mapping":{"27":"27-55"}},"153":{"rub_number":153,"verses_count":26,"first_verse_key":"27:56","last_verse_key":"27:81","verse_mapping":{"27":"56-81"}},"154":{"rub_number":154,"verses_count":23,"first_verse_key":"27:82","last_verse_key":"28:11","verse_mapping":{"27":"82-93","28":"1-11"}},"155":{"rub_number":155,"verses_count":17,"first_verse_key":"28:12","last_verse_key":"28:28","verse_mapping":{"28":"12-28"}},"156":{"rub_number":156,"verses_count":22,"first_verse_key":"28:29","last_verse_key":"28:50","verse_mapping":{"28":"29-50"}},"157":{"rub_number":157,"verses_count":25,"first_verse_key":"28:51","last_verse_key":"28:75","verse_mapping":{"28":"51-75"}},"158":{"rub_number":158,"verses_count":13,"first_verse_key":"28:76","last_verse_key":"28:88","verse_mapping":{"28":"76-88"}},"159":{"rub_number":159,"verses_count":25,"first_verse_key":"29:1","last_verse_key":"29:25","verse_mapping":{"29":"1-25"}},"160":{"rub_number":160,"verses_count":20,"first_verse_key":"29:26","last_verse_key":"29:45","verse_mapping":{"29":"26-45"}},"161":{"rub_number":161,"verses_count":24,"first_verse_key":"29:46","last_verse_key":"29:69","verse_mapping":{"29":"46-69"}},"162":{"rub_number":162,"verses_count":30,"first_verse_key":"30:1","last_verse_key":"30:30","verse_mapping":{"30":"1-30"}},"163":{"rub_number":163,"verses_count":23,"first_verse_key":"30:31","last_verse_key":"30:53","verse_mapping":{"30":"31-53"}},"164":{"rub_number":164,"verses_count":28,"first_verse_key":"30:54","last_verse_key":"31:21","verse_mapping":{"30":"54-60","31":"1-21"}},"165":{"rub_number":165,"verses_count":23,"first_verse_key":"31:22","last_verse_key":"32:10","verse_mapping":{"31":"22-34","32":"1-10"}},"166":{"rub_number":166,"verses_count":20,"first_verse_key":"32:11","last_verse_key":"32:30","verse_mapping":{"32":"11-30"}},"167":{"rub_number":167,"verses_count":17,"first_verse_key":"33:1","last_verse_key":"33:17","verse_mapping":{"33":"1-17"}},"168":{"rub_number":168,"verses_count":13,"first_verse_key":"33:18","last_verse_key":"33:30","verse_mapping":{"33":"18-30"}},"169":{"rub_number":169,"verses_count":20,"first_verse_key":"33:31","last_verse_key":"33:50","verse_mapping":{"33":"31-50"}},"170":{"rub_number":170,"verses_count":9,"first_verse_key":"33:51","last_verse_key":"33:59","verse_mapping":{"33":"51-59"}},"171":{"rub_number":171,"verses_count":23,"first_verse_key":"33:60","last_verse_key":"34:9","verse_mapping":{"33":"60-73","34":"1-9"}},"172":{"rub_number":172,"verses_count":14,"first_verse_key":"34:10","last_verse_key":"34:23","verse_mapping":{"34":"10-23"}},"173":{"rub_number":173,"verses_count":22,"first_verse_key":"34:24","last_verse_key":"34:45","verse_mapping":{"34":"24-45"}},"174":{"rub_number":174,"verses_count":23,"first_verse_key":"34:46","last_verse_key":"35:14","verse_mapping":{"34":"46-54","35":"1-14"}},"175":{"rub_number":175,"verses_count":26,"first_verse_key":"35:15","last_verse_key":"35:40","verse_mapping":{"35":"15-40"}},"176":{"rub_number":176,"verses_count":32,"first_verse_key":"35:41","last_verse_key":"36:27","verse_mapping":{"35":"41-45","36":"1-27"}},"177":{"rub_number":177,"verses_count":32,"first_verse_key":"36:28","last_verse_key":"36:59","verse_mapping":{"36":"28-59"}},"178":{"rub_number":178,"verses_count":45,"first_verse_key":"36:60","last_verse_key":"37:21","verse_mapping":{"36":"60-83","37":"1-21"}},"179":{"rub_number":179,"verses_count":61,"first_verse_key":"37:22","last_verse_key":"37:82","verse_mapping":{"37":"22-82"}},"180":{"rub_number":180,"verses_count":62,"first_verse_key":"37:83","last_verse_key":"37:144","verse_mapping":{"37":"83-144"}},"181":{"rub_number":181,"verses_count":58,"first_verse_key":"37:145","last_verse_key":"38:20","verse_mapping":{"37":"145-182","38":"1-20"}},"182":{"rub_number":182,"verses_count":31,"first_verse_key":"38:21","last_verse_key":"38:51","verse_mapping":{"38":"21-51"}},"183":{"rub_number":183,"verses_count":44,"first_verse_key":"38:52","last_verse_key":"39:7","verse_mapping":{"38":"52-88","39":"1-7"}},"184":{"rub_number":184,"verses_count":24,"first_verse_key":"39:8","last_verse_key":"39:31","verse_mapping":{"39":"8-31"}},"185":{"rub_number":185,"verses_count":21,"first_verse_key":"39:32","last_verse_key":"39:52","verse_mapping":{"39":"32-52"}},"186":{"rub_number":186,"verses_count":23,"first_verse_key":"39:53","last_verse_key":"39:75","verse_mapping":{"39":"53-75"}},"187":{"rub_number":187,"verses_count":20,"first_verse_key":"40:1","last_verse_key":"40:20","verse_mapping":{"40":"1-20"}},"188":{"rub_number":188,"verses_count":20,"first_verse_key":"40:21","last_verse_key":"40:40","verse_mapping":{"40":"21-40"}},"189":{"rub_number":189,"verses_count":25,"first_verse_key":"40:41","last_verse_key":"40:65","verse_mapping":{"40":"41-65"}},"190":{"rub_number":190,"verses_count":28,"first_verse_key":"40:66","last_verse_key":"41:8","verse_mapping":{"40":"66-85","41":"1-8"}},"191":{"rub_number":191,"verses_count":16,"first_verse_key":"41:9","last_verse_key":"41:24","verse_mapping":{"41":"9-24"}},"192":{"rub_number":192,"verses_count":22,"first_verse_key":"41:25","last_verse_key":"41:46","verse_mapping":{"41":"25-46"}},"193":{"rub_number":193,"verses_count":20,"first_verse_key":"41:47","last_verse_key":"42:12","verse_mapping":{"41":"47-54","42":"1-12"}},"194":{"rub_number":194,"verses_count":14,"first_verse_key":"42:13","last_verse_key":"42:26","verse_mapping":{"42":"13-26"}},"195":{"rub_number":195,"verses_count":24,"first_verse_key":"42:27","last_verse_key":"42:50","verse_mapping":{"42":"27-50"}},"196":{"rub_number":196,"verses_count":26,"first_verse_key":"42:51","last_verse_key":"43:23","verse_mapping":{"42":"51-53","43":"1-23"}},"197":{"rub_number":197,"verses_count":33,"first_verse_key":"43:24","last_verse_key":"43:56","verse_mapping":{"43":"24-56"}},"198":{"rub_number":198,"verses_count":49,"first_verse_key":"43:57","last_verse_key":"44:16","verse_mapping":{"43":"57-89","44":"1-16"}},"199":{"rub_number":199,"verses_count":54,"first_verse_key":"44:17","last_verse_key":"45:11","verse_mapping":{"44":"17-59","45":"1-11"}},"200":{"rub_number":200,"verses_count":26,"first_verse_key":"45:12","last_verse_key":"45:37","verse_mapping":{"45":"12-37"}},"201":{"rub_number":201,"verses_count":20,"first_verse_key":"46:1","last_verse_key":"46:20","verse_mapping":{"46":"1-20"}},"202":{"rub_number":202,"verses_count":24,"first_verse_key":"46:21","last_verse_key":"47:9","verse_mapping":{"46":"21-35","47":"1-9"}},"203":{"rub_number":203,"verses_count":23,"first_verse_key":"47:10","last_verse_key":"47:32","verse_mapping":{"47":"10-32"}},"204":{"rub_number":204,"verses_count":23,"first_verse_key":"47:33","last_verse_key":"48:17","verse_mapping":{"47":"33-38","48":"1-17"}},"205":{"rub_number":205,"verses_count":12,"first_verse_key":"48:18","last_verse_key":"48:29","verse_mapping":{"48":"18-29"}},"206":{"rub_number":206,"verses_count":13,"first_verse_key":"49:1","last_verse_key":"49:13","verse_mapping":{"49":"1-13"}},"207":{"rub_number":207,"verses_count":31,"first_verse_key":"49:14","last_verse_key":"50:26","verse_mapping":{"49":"14-18","50":"1-26"}},"208":{"rub_number":208,"verses_count":49,"first_verse_key":"50:27","last_verse_key":"51:30","verse_mapping":{"50":"27-45","51":"1-30"}},"209":{"rub_number":209,"verses_count":53,"first_verse_key":"51:31","last_verse_key":"52:23","verse_mapping":{"51":"31-60","52":"1-23"}},"210":{"rub_number":210,"verses_count":51,"first_verse_key":"52:24","last_verse_key":"53:25","verse_mapping":{"52":"24-49","53":"1-25"}},"211":{"rub_number":211,"verses_count":45,"first_verse_key":"53:26","last_verse_key":"54:8","verse_mapping":{"53":"26-62","54":"1-8"}},"212":{"rub_number":212,"verses_count":47,"first_verse_key":"54:9","last_verse_key":"54:55","verse_mapping":{"54":"9-55"}},"213":{"rub_number":213,"verses_count":78,"first_verse_key":"55:1","last_verse_key":"55:78","verse_mapping":{"55":"1-78"}},"214":{"rub_number":214,"verses_count":74,"first_verse_key":"56:1","last_verse_key":"56:74","verse_mapping":{"56":"1-74"}},"215":{"rub_number":215,"verses_count":37,"first_verse_key":"56:75","last_verse_key":"57:15","verse_mapping":{"56":"75-96","57":"1-15"}},"216":{"rub_number":216,"verses_count":14,"first_verse_key":"57:16","last_verse_key":"57:29","verse_mapping":{"57":"16-29"}},"217":{"rub_number":217,"verses_count":13,"first_verse_key":"58:1","last_verse_key":"58:13","verse_mapping":{"58":"1-13"}},"218":{"rub_number":218,"verses_count":19,"first_verse_key":"58:14","last_verse_key":"59:10","verse_mapping":{"58":"14-22","59":"1-10"}},"219":{"rub_number":219,"verses_count":20,"first_verse_key":"59:11","last_verse_key":"60:6","verse_mapping":{"59":"11-24","60":"1-6"}},"220":{"rub_number":220,"verses_count":21,"first_verse_key":"60:7","last_verse_key":"61:14","verse_mapping":{"60":"7-13","61":"1-14"}},"221":{"rub_number":221,"verses_count":14,"first_verse_key":"62:1","last_verse_key":"63:3","verse_mapping":{"62":"1-11","63":"1-3"}},"222":{"rub_number":222,"verses_count":26,"first_verse_key":"63:4","last_verse_key":"64:18","verse_mapping":{"63":"4-11","64":"1-18"}},"223":{"rub_number":223,"verses_count":12,"first_verse_key":"65:1","last_verse_key":"65:12","verse_mapping":{"65":"1-12"}},"224":{"rub_number":224,"verses_count":12,"first_verse_key":"66:1","last_verse_key":"66:12","verse_mapping":{"66":"1-12"}},"225":{"rub_number":225,"verses_count":30,"first_verse_key":"67:1","last_verse_key":"67:30","verse_mapping":{"67":"1-30"}},"226":{"rub_number":226,"verses_count":52,"first_verse_key":"68:1","last_verse_key":"68:52","verse_mapping":{"68":"1-52"}},"227":{"rub_number":227,"verses_count":70,"first_verse_key":"69:1","last_verse_key":"70:18","verse_mapping":{"69":"1-52","70":"1-18"}},"228":{"rub_number":228,"verses_count":54,"first_verse_key":"70:19","last_verse_key":"71:28","verse_mapping":{"70":"19-44","71":"1-28"}},"229":{"rub_number":229,"verses_count":47,"first_verse_key":"72:1","last_verse_key":"73:19","verse_mapping":{"72":"1-28","73":"1-19"}},"230":{"rub_number":230,"verses_count":57,"first_verse_key":"73:20","last_verse_key":"74:56","verse_mapping":{"73":"20-20","74":"1-56"}},"231":{"rub_number":231,"verses_count":58,"first_verse_key":"75:1","last_verse_key":"76:18","verse_mapping":{"75":"1-40","76":"1-18"}},"232":{"rub_number":232,"verses_count":63,"first_verse_key":"76:19","last_verse_key":"77:50","verse_mapping":{"76":"19-31","77":"1-50"}},"233":{"rub_number":233,"verses_count":86,"first_verse_key":"78:1","last_verse_key":"79:46","verse_mapping":{"78":"1-40","79":"1-46"}},"234":{"rub_number":234,"verses_count":71,"first_verse_key":"80:1","last_verse_key":"81:29","verse_mapping":{"80":"1-42","81":"1-29"}},"235":{"rub_number":235,"verses_count":55,"first_verse_key":"82:1","last_verse_key":"83:36","verse_mapping":{"82":"1-19","83":"1-36"}},"236":{"rub_number":236,"verses_count":64,"first_verse_key":"84:1","last_verse_key":"86:17","verse_mapping":{"84":"1-25","85":"1-22","86":"1-17"}},"237":{"rub_number":237,"verses_count":75,"first_verse_key":"87:1","last_verse_key":"89:30","verse_mapping":{"87":"1-19","88":"1-26","89":"1-30"}},"238":{"rub_number":238,"verses_count":67,"first_verse_key":"90:1","last_verse_key":"93:11","verse_mapping":{"90":"1-20","91":"1-15","92":"1-21","93":"1-11"}},"239":{"rub_number":239,"verses_count":64,"first_verse_key":"94:1","last_verse_key":"100:8","verse_mapping":{"94":"1-8","95":"1-8","96":"1-19","97":"1-5","98":"1-8","99":"1-8","100":"1-8"}},"240":{"rub_number":240,"verses_count":82,"first_verse_key":"100:9","last_verse_key":"114:6","verse_mapping":{"100":"9-11","101":"1-11","102":"1-8","103":"1-3","104":"1-9","105":"1-5","106":"1-4","107":"1-7","108":"1-3","109":"1-6","110":"1-3","111":"1-5","112":"1-4","113":"1-5","114":"1-6"}}}